episode;steps;time_before_moviment;time_moviment;direction;last_code_grab_overlap;last_code_arm_collision;last_drone_collision
0;3;0.2964363098144531;1.0579893589019775;up;10000;10000;False
0;2;0.1287527084350586;0.9387154579162598;up;10000;10000;False
0;2;0.11677813529968262;0.0004990100860595703;up;10000;10000;False
0;2;0.12925386428833008;1.1183745861053467;up;10000;10000;False
0;2;0.1117863655090332;0.9576804637908936;up;10000;10000;False
0;3;0.26848864555358887;0.8893101215362549;up;10000;10000;False
0;3;0.3039226531982422;0.8818235397338867;up;10000;10000;False
0;2;0.12176942825317383;5.615326881408691;left;10000;10000;False
0;2;0.11228585243225098;0.8124558925628662;down;10000;10000;False
0;2;0.13025283813476562;0.8109588623046875;down;10000;10000;False
0;2;0.12126874923706055;0.787503719329834;down;10000;10000;False
0;2;0.12825465202331543;0.7740299701690674;down;10000;10000;False
0;2;0.11278581619262695;0.6856973171234131;down;10000;10000;False
0;2;0.11627817153930664;0.7321093082427979;down;10000;10000;False
0;2;0.11228656768798828;0.8783302307128906;down;10000;10000;False
1;2;0.12077021598815918;1.2067067623138428;up;10000;10000;False
1;2;0.1222677230834961;1.0425186157226562;up;10000;10000;False
1;4;0.43816661834716797;0.9736502170562744;up;10000;10000;False
1;2;0.12576079368591309;1.1198723316192627;up;10000;10000;False
1;2;0.11228609085083008;1.180755615234375;up;10000;10000;False
1;4;0.4476499557495117;0.9821326732635498;up;10000;10000;False
1;2;0.12276649475097656;0.9247424602508545;up;10000;10000;False
1;2;0.10779523849487305;5.594367027282715;left;10000;10000;False
1;13;1.9817335605621338;1.0505030155181885;down;10000;10000;False
1;3;0.29443907737731934;1.2221777439117432;down;10000;10000;False
1;2;0.11178755760192871;0.7176351547241211;down;10000;10000;False
1;2;0.12077045440673828;0.7610538005828857;down;10000;10000;False
1;2;0.11328434944152832;0.700669527053833;down;10000;10000;False
1;2;0.12426328659057617;0.765545129776001;down;10000;10000;False
1;2;0.11977171897888184;0.8728420734405518;down;10000;10000;False
2;2;0.11428332328796387;1.0784499645233154;up;10000;10000;False
2;5;0.6298027038574219;0.0004992485046386719;up;10000;10000;False
2;2;0.11677765846252441;1.6828017234802246;up;10000;10000;False
2;4;0.46561431884765625;0.9212496280670166;up;10000;10000;False
2;2;0.11128807067871094;0.9516921043395996;up;10000;10000;False
2;5;0.6472690105438232;0.0009984970092773438;up;10000;10000;False
2;3;0.29943132400512695;2.1648852825164795;up;10000;10000;False
2;2;0.11577892303466797;5.665234088897705;left;10000;10000;False
2;13;2.2686879634857178;1.2705845832824707;down;10000;10000;False
2;4;0.5474581718444824;1.4347741603851318;down;10000;10000;False
2;2;0.12076950073242188;0.7226278781890869;down;10000;10000;False
2;2;0.11777615547180176;0.7236249446868896;down;10000;10000;False
2;2;0.1187744140625;0.6602451801300049;down;10000;10000;False
2;2;0.12426376342773438;0.8044710159301758;down;10000;10000;False
2;2;0.11278533935546875;0.8748373985290527;down;10000;10000;False
3;2;0.11827492713928223;1.0859360694885254;up;10000;10000;False
3;3;0.28894996643066406;1.0155701637268066;up;10000;10000;False
3;13;2.032636880874634;1.047508955001831;up;10000;10000;False
3;2;0.1187739372253418;1.1997203826904297;up;10000;10000;False
3;2;0.11927342414855957;1.1138825416564941;up;10000;10000;False
3;2;0.1252610683441162;0.9521911144256592;up;10000;10000;False
3;2;0.11578059196472168;0.9282357692718506;up;10000;10000;False
3;2;0.11378264427185059;5.5394721031188965;left;10000;10000;False
3;2;0.10879302024841309;0.7261199951171875;down;10000;10000;False
3;2;0.11827492713928223;0.8174459934234619;down;10000;10000;False
3;2;0.11078929901123047;0.7196321487426758;down;10000;10000;False
3;2;0.11677789688110352;0.6921834945678711;down;10000;10000;False
3;2;0.12126851081848145;0.6382880210876465;down;10000;10000;False
3;2;0.1137838363647461;0.6971752643585205;down;10000;10000;False
3;2;0.12027168273925781;0.6966762542724609;down;10000;10000;False
4;5;0.5928735733032227;0.0009980201721191406;up;10000;10000;False
4;3;0.29593729972839355;1.7207300662994385;up;10000;10000;False
4;9;1.2975339889526367;1.0425188541412354;up;10000;10000;False
4;2;0.11128854751586914;1.322486400604248;up;10000;10000;False
4;3;0.2864553928375244;0.9272377490997314;up;10000;10000;False
4;2;0.11228632926940918;0.9337258338928223;up;10000;10000;False
4;3;0.2899487018585205;1.0135738849639893;up;10000;10000;False
4;2;0.12176799774169922;7.01616644859314;left;10000;10000;False
4;2;0.11278557777404785;0.758059024810791;down;10000;10000;False
4;2;0.10829353332519531;0.716139554977417;down;10000;10000;False
4;2;0.12176847457885742;0.6562526226043701;down;10000;10000;False
4;2;0.11078953742980957;0.7131450176239014;down;10000;10000;False
4;2;0.1152808666229248;0.6956775188446045;down;10000;10000;False
4;2;0.12775588035583496;0.7875041961669922;down;10000;10000;False
4;2;0.11777544021606445;0.8823237419128418;down;10000;10000;False
5;2;0.1067967414855957;1.0699663162231445;up;10000;10000;False
5;2;0.13324618339538574;1.115879774093628;up;10000;10000;False
5;2;0.11977195739746094;1.1004078388214111;up;10000;10000;False
5;2;0.1202707290649414;0.9536881446838379;up;10000;10000;False
5;2;0.10829424858093262;1.0774526596069336;up;10000;10000;False
5;2;0.11977076530456543;0.9337258338928223;up;10000;10000;False
5;3;0.29443979263305664;0.878831148147583;up;10000;10000;False
5;2;0.12625980377197266;7.264193534851074;left;10000;10000;False
5;2;0.11478209495544434;0.7161381244659424;down;10000;10000;False
5;2;0.11627912521362305;0.7206299304962158;down;10000;10000;False
5;2;0.12176799774169922;0.771533727645874;down;10000;10000;False
5;2;0.1187741756439209;0.7121467590332031;down;10000;10000;False
5;2;0.13025116920471191;0.8179457187652588;down;10000;10000;False
5;2;0.12076997756958008;0.703662633895874;down;10000;10000;False
5;2;0.10979056358337402;0.6911869049072266;down;10000;10000;False
6;2;0.11378312110900879;1.074955940246582;up;10000;10000;False
6;2;0.11128783226013184;0.9711544513702393;up;10000;10000;False
6;17;2.7462799549102783;1.0520002841949463;up;10000;10000;False
6;4;0.4631192684173584;1.1088929176330566;up;10000;10000;False
6;2;0.1137843132019043;0.9287347793579102;up;10000;10000;False
6;2;0.11078906059265137;0.923245906829834;up;10000;10000;False
6;2;0.11727595329284668;0.8913066387176514;up;10000;10000;False
6;15;2.396944999694824;4.020358562469482;left;10000;10000;False
6;12;2.0895283222198486;1.20670747756958;down;10000;10000;False
6;2;0.13124966621398926;1.5056395530700684;down;10000;10000;False
6;2;0.11927390098571777;0.7256209850311279;down;10000;10000;False
6;2;0.11128759384155273;0.7241249084472656;down;10000;10000;False
6;2;0.12226748466491699;0.6976745128631592;down;10000;10000;False
6;2;0.128753662109375;0.8104603290557861;down;10000;10000;False
6;2;0.12526202201843262;0.8913059234619141;down;10000;10000;False
7;2;0.1237640380859375;1.2596056461334229;up;10000;10000;False
7;2;0.11727738380432129;0.9551846981048584;up;10000;10000;False
7;15;2.398441791534424;1.9682590961456299;up;10000;10000;False
7;2;0.12526249885559082;1.1288542747497559;up;10000;10000;False
7;4;0.48607587814331055;0.0004987716674804688;up;10000;10000;False
7;2;0.12576079368591309;2.094020128250122;up;10000;10000;False
7;2;0.1187734603881836;1.2136940956115723;up;10000;10000;False
7;2;0.12526178359985352;5.665232419967651;left;10000;10000;False
7;2;0.11078906059265137;0.7166383266448975;down;10000;10000;False
7;2;0.11378312110900879;0.7216289043426514;down;10000;10000;False
7;2;0.11727690696716309;0.7106497287750244;down;10000;10000;False
7;2;0.11078929901123047;0.6941807270050049;down;10000;10000;False
7;2;0.11228704452514648;0.6812052726745605;down;10000;10000;False
7;2;0.12326502799987793;0.6926836967468262;down;10000;10000;False
7;2;0.12825512886047363;1.0894296169281006;down;10000;10000;False
8;2;0.11677789688110352;1.0674717426300049;up;10000;10000;False
8;2;0.11478114128112793;0.9531888961791992;up;10000;10000;False
8;26;4.373687744140625;1.042518138885498;up;10000;10000;False
8;19;3.1270558834075928;2.523704767227173;up;10000;10000;False
8;5;0.6557526588439941;1.2256712913513184;up;10000;10000;False
8;2;0.12476205825805664;1.2775719165802002;up;10000;10000;False
8;2;0.1257610321044922;1.0430173873901367;up;10000;10000;False
8;2;0.12226724624633789;5.773028135299683;left;10000;10000;False
8;2;0.11428213119506836;0.7166392803192139;down;10000;10000;False
8;2;0.12226676940917969;0.7091519832611084;down;10000;10000;False
8;2;0.1272573471069336;0.7156400680541992;down;10000;10000;False
8;2;0.1152806282043457;0.7356019020080566;down;10000;10000;False
8;2;0.11927318572998047;0.7011680603027344;down;10000;10000;False
8;2;0.11777687072753906;0.6996703147888184;down;10000;10000;False
8;2;0.11627936363220215;0.8763339519500732;down;10000;10000;False
9;2;0.11578011512756348;1.0554940700531006;up;10000;10000;False
9;2;0.11478114128112793;0.9776425361633301;up;10000;10000;False
9;20;3.6785080432891846;2.3929522037506104;up;10000;10000;False
9;2;0.11727619171142578;1.2945406436920166;up;10000;10000;False
9;2;0.1272573471069336;1.2770731449127197;up;10000;10000;False
9;2;0.1152803897857666;1.2690887451171875;up;10000;10000;False
9;2;0.1237637996673584;1.272582769393921;up;10000;10000;False
9;6;0.775026798248291;7.198318004608154;left;10000;10000;False
9;2;0.12027120590209961;0.7206296920776367;down;10000;10000;False
9;2;0.11777544021606445;0.717137336730957;down;10000;10000;False
9;2;0.12675881385803223;0.8389055728912354;down;10000;10000;False
9;2;0.11178827285766602;0.7221269607543945;down;10000;10000;False
9;2;0.11727595329284668;0.7051601409912109;down;10000;10000;False
9;2;0.1117868423461914;0.7146420478820801;down;10000;10000;False
9;2;0.12126827239990234;1.0185649394989014;down;10000;10000;False
10;3;0.3019261360168457;1.2695879936218262;up;10000;10000;False
10;2;0.1222677230834961;0.9486970901489258;up;10000;10000;False
10;22;3.725918769836426;1.0450141429901123;up;10000;10000;False
10;3;0.30641746520996094;1.320490837097168;up;10000;10000;False
10;2;0.12276577949523926;1.066474437713623;up;10000;10000;False
10;9;1.433274745941162;1.289050579071045;up;10000;10000;False
10;2;0.12925410270690918;1.7327075004577637;up;10000;10000;False
10;2;0.13274788856506348;5.859363555908203;left;10000;10000;False
10;2;0.11128854751586914;0.7385964393615723;down;10000;10000;False
10;2;0.12226700782775879;0.7994811534881592;down;10000;10000;False
10;2;0.1392350196838379;0.7525694370269775;down;10000;10000;False
10;2;0.11977219581604004;0.7206299304962158;down;10000;10000;False
10;2;0.12176775932312012;0.8239343166351318;down;10000;10000;False
10;2;0.12625861167907715;0.698174238204956;down;10000;10000;False
10;2;0.11278605461120605;0.8898091316223145;down;10000;10000;False
11;2;0.11178755760192871;1.0829417705535889;up;10000;10000;False
11;2;0.11927270889282227;0.9491963386535645;up;10000;10000;False
11;10;1.5051391124725342;1.0365307331085205;up;10000;10000;False
11;4;0.4785897731781006;1.388361930847168;up;10000;10000;False
11;2;0.13973402976989746;1.0420191287994385;up;10000;10000;False
11;3;0.29943013191223145;0.8938031196594238;up;10000;10000;False
11;2;0.13524246215820312;1.0679707527160645;up;10000;10000;False
11;2;0.12176799774169922;5.593369483947754;left;10000;10000;False
11;2;0.10979175567626953;0.7385962009429932;down;10000;10000;False
11;2;0.11827492713928223;0.7201306819915771;down;10000;10000;False
11;2;0.11777663230895996;0.7206301689147949;down;10000;10000;False
11;2;0.13424468040466309;0.6732194423675537;down;10000;10000;False
11;2;0.11777520179748535;0.6951789855957031;down;10000;10000;False
11;3;0.31490087509155273;0.8698470592498779;down;10000;10000;False
11;2;0.12426304817199707;1.033536434173584;down;10000;10000;False
12;5;0.6098408699035645;1.1034038066864014;up;10000;10000;False
12;2;0.11378359794616699;0.9886212348937988;up;10000;10000;False
12;2;0.12576007843017578;1.1044018268585205;up;10000;10000;False
12;2;0.12176799774169922;1.0974152088165283;up;10000;10000;False
12;2;0.12675857543945312;1.2216789722442627;up;10000;10000;False
12;10;1.4567317962646484;1.0520005226135254;up;10000;10000;False
12;2;0.11428213119506836;1.4891705513000488;up;10000;10000;False
12;2;0.11128902435302734;5.861859083175659;left;10000;10000;False
12;2;0.12326550483703613;0.8414013385772705;down;10000;10000;False
12;2;0.11278629302978516;0.7585575580596924;down;10000;10000;False
12;2;0.1187741756439209;0.721627950668335;down;10000;10000;False
12;2;0.12975239753723145;0.7939918041229248;down;10000;10000;False
12;2;0.1102898120880127;0.7041616439819336;down;10000;10000;False
12;2;0.11777615547180176;0.7071564197540283;down;10000;10000;False
12;2;0.13524246215820312;0.8648571968078613;down;10000;10000;False
13;2;0.11228680610656738;1.162790298461914;up;10000;10000;False
13;2;0.11178731918334961;0.9511923789978027;up;10000;10000;False
13;2;0.12675881385803223;1.1807560920715332;up;10000;10000;False
13;2;0.12476277351379395;1.076953411102295;up;10000;10000;False
13;2;0.12326478958129883;1.0894291400909424;up;10000;10000;False
13;7;0.9257400035858154;0.0004990100860595703;up;10000;10000;False
13;2;0.11677861213684082;1.6119365692138672;up;10000;10000;False
13;2;0.11178708076477051;6.24513053894043;left;10000;10000;False
13;2;0.10929226875305176;0.723125696182251;down;10000;10000;False
13;2;0.11128878593444824;0.7570605278015137;down;10000;10000;False
13;2;0.11178731918334961;0.7181355953216553;down;10000;10000;False
13;2;0.1202702522277832;0.6986725330352783;down;10000;10000;False
13;2;0.11378359794616699;0.6911866664886475;down;10000;10000;False
13;2;0.11927270889282227;0.7800171375274658;down;10000;10000;False
13;2;0.12576079368591309;0.7286150455474854;down;10000;10000;False
14;2;0.12825584411621094;1.3683993816375732;up;10000;10000;False
14;2;0.11478209495544434;0.9841301441192627;up;10000;10000;False
14;2;0.11677813529968262;0.9721519947052002;up;10000;10000;False
14;2;0.11478114128112793;0.9237446784973145;up;10000;10000;False
14;2;0.10629725456237793;0.9741487503051758;up;10000;10000;False
14;3;0.2799675464630127;0.9491961002349854;up;10000;10000;False
14;2;0.12226700782775879;1.1029043197631836;up;10000;10000;False
14;2;0.13025236129760742;6.884915113449097;left;10000;10000;False
14;2;0.12775635719299316;0.7271184921264648;down;10000;10000;False
14;2;0.11528134346008301;0.7176358699798584;down;10000;10000;False
14;2;0.1357421875;0.8129549026489258;down;10000;10000;False
14;2;0.11777567863464355;0.7046618461608887;down;10000;10000;False
14;2;0.1287553310394287;0.8169476985931396;down;10000;10000;False
14;2;0.11577987670898438;0.7051594257354736;down;10000;10000;False
14;2;0.12775731086730957;0.8533780574798584;down;10000;10000;False
15;2;0.11378335952758789;1.106895923614502;up;10000;10000;False
15;2;0.11927247047424316;1.1887412071228027;up;10000;10000;False
15;9;1.346940040588379;1.0529983043670654;up;10000;10000;False
15;5;0.6357903480529785;1.2765748500823975;up;10000;10000;False
15;2;0.1237640380859375;1.1153802871704102;up;10000;10000;False
15;4;0.48457813262939453;1.0584890842437744;up;10000;10000;False
15;3;0.2914459705352783;0.8977932929992676;up;10000;10000;False
15;2;0.1252608299255371;5.714139938354492;left;10000;10000;False
15;2;0.11677718162536621;0.750075101852417;down;10000;10000;False
15;2;0.11677837371826172;0.7201313972473145;down;10000;10000;False
15;2;0.11178731918334961;0.7121474742889404;down;10000;10000;False
15;2;0.11727619171142578;0.6926846504211426;down;10000;10000;False
15;2;0.11328554153442383;0.7041614055633545;down;10000;10000;False
15;2;0.11827468872070312;0.7021660804748535;down;10000;10000;False
15;2;0.11428308486938477;0.8913059234619141;down;10000;10000;False
16;3;0.2834610939025879;1.3898591995239258;up;10000;10000;False
16;2;0.12276744842529297;0.9621708393096924;up;10000;10000;False
16;20;3.985924243927002;3.0262489318847656;up;10000;10000;False
16;2;0.12126851081848145;1.5755062103271484;up;10000;10000;False
16;2;0.12925434112548828;1.509131908416748;up;10000;10000;False
16;2;0.11627697944641113;1.4786903858184814;up;10000;10000;False
16;2;0.12226676940917969;1.572012186050415;up;10000;10000;False
16;2;0.12476253509521484;9.999994993209839;left;10000;10000;False
16;14;2.208801746368408;1.048008918762207;down;10000;10000;False
16;5;0.6577496528625488;1.3574199676513672;down;10000;10000;False
16;2;0.11328434944152832;0.7336058616638184;down;10000;10000;False
16;2;0.12775659561157227;0.7061583995819092;down;10000;10000;False
16;2;0.11577892303466797;0.7186353206634521;down;10000;10000;False
16;2;0.11428236961364746;0.6971752643585205;down;10000;10000;False
16;2;0.12326478958129883;0.7944908142089844;down;10000;10000;False
17;2;0.1287543773651123;1.2885515689849854;up;10000;10000;False
17;2;0.11029052734375;0.9616727828979492;up;10000;10000;False
17;2;0.13125061988830566;1.4392647743225098;up;10000;10000;False
17;2;0.17167401313781738;1.1717729568481445;up;10000;10000;False
17;2;0.14722013473510742;1.1757659912109375;up;10000;10000;False
17;2;0.11078858375549316;0.9352238178253174;up;10000;10000;False
17;2;0.11827468872070312;0.8972957134246826;up;10000;10000;False
17;2;0.10979127883911133;5.679206609725952;left;10000;10000;False
17;2;0.11627840995788574;0.7146422863006592;down;10000;10000;False
17;2;0.11228704452514648;0.714641809463501;down;10000;10000;False
17;2;0.1252610683441162;0.7475802898406982;down;10000;10000;False
17;2;0.10979104042053223;0.6956775188446045;down;10000;10000;False
17;2;0.12176752090454102;0.8952987194061279;down;10000;10000;False
17;2;0.12476253509521484;0.6986727714538574;down;10000;10000;False
17;2;0.11727714538574219;0.9082744121551514;down;10000;10000;False
18;3;0.28096532821655273;1.030043363571167;up;10000;10000;False
18;2;0.11727738380432129;0.9581787586212158;up;10000;10000;False
18;5;0.6557526588439941;0.0004990100860595703;up;10000;10000;False
18;3;0.3563225269317627;2.0805461406707764;up;10000;10000;False
18;2;0.13124990463256836;1.3649065494537354;up;10000;10000;False
18;2;0.12675809860229492;1.0619852542877197;up;10000;10000;False
18;2;0.12326598167419434;1.1053996086120605;up;10000;10000;False
18;2;0.11178731918334961;5.69916844367981;left;10000;10000;False
18;14;2.413912057876587;1.0619821548461914;down;10000;10000;False
18;2;0.10829424858093262;0.7236244678497314;down;10000;10000;False
18;2;0.11627840995788574;0.7256214618682861;down;10000;10000;False
18;2;0.12626051902770996;0.8139524459838867;down;10000;10000;False
18;2;0.11577868461608887;0.6906883716583252;down;10000;10000;False
18;2;0.11677765846252441;0.7021660804748535;down;10000;10000;False
18;2;0.12176775932312012;0.9981040954589844;down;10000;10000;False
19;2;0.11927270889282227;1.0674717426300049;up;10000;10000;False
19;2;0.1102900505065918;0.9826333522796631;up;10000;10000;False
19;2;0.1287543773651123;1.1882410049438477;up;10000;10000;False
19;2;0.13025188446044922;1.0415208339691162;up;10000;10000;False
19;2;0.1237642765045166;1.1218674182891846;up;10000;10000;False
19;3;0.2664930820465088;0.8833215236663818;up;10000;10000;False
19;3;0.27547645568847656;1.002594232559204;up;10000;10000;False
19;2;0.10629749298095703;5.640779733657837;left;10000;10000;False
19;2;0.11278510093688965;0.7485783100128174;down;10000;10000;False
19;2;0.11627960205078125;0.715639591217041;down;10000;10000;False
19;2;0.10929179191589355;0.7475786209106445;down;10000;10000;False
19;2;0.11078906059265137;0.7171378135681152;down;10000;10000;False
19;4;0.45413661003112793;0.9741501808166504;down;10000;10000;False
19;4;0.44565296173095703;0.8987917900085449;down;10000;10000;False
19;2;0.12276649475097656;0.9152603149414062;down;10000;10000;False
20;2;0.10979008674621582;1.0954196453094482;up;10000;10000;False
20;2;0.11827445030212402;0.9656648635864258;up;10000;10000;False
20;15;2.435371160507202;1.052499771118164;up;10000;10000;False
20;6;0.8184444904327393;1.1937317848205566;up;10000;10000;False
20;2;0.11727666854858398;1.094919204711914;up;10000;10000;False
20;6;0.7914960384368896;0.0009980201721191406;up;10000;10000;False
20;3;0.2969346046447754;1.0984132289886475;up;10000;10000;False
20;2;0.10779523849487305;5.629799842834473;left;10000;10000;False
20;12;1.9892187118530273;1.3224868774414062;down;10000;10000;False
20;2;0.1237642765045166;1.4627199172973633;down;10000;10000;False
20;2;0.10829401016235352;0.7440853118896484;down;10000;10000;False
20;2;0.13124990463256836;0.8279271125793457;down;10000;10000;False
20;2;0.13474273681640625;0.7909982204437256;down;10000;10000;False
20;2;0.11478090286254883;0.6961777210235596;down;10000;10000;False
20;2;0.14023327827453613;1.0070867538452148;down;10000;10000;False
21;2;0.10879349708557129;1.0724618434906006;up;10000;10000;False
21;2;0.11577916145324707;0.9641671180725098;up;10000;10000;False
21;2;0.10879349708557129;0.9906177520751953;up;10000;10000;False
21;2;0.1137843132019043;0.914262056350708;up;10000;10000;False
21;2;0.11577987670898438;0.9566822052001953;up;10000;10000;False
21;2;0.11428213119506836;0.9926137924194336;up;10000;10000;False
21;2;0.12027096748352051;1.0659747123718262;up;10000;10000;False
21;2;0.1302495002746582;6.822034597396851;left;10000;10000;False
21;2;0.11677813529968262;0.7311105728149414;down;10000;10000;False
21;2;0.12575984001159668;0.7894997596740723;down;10000;10000;False
21;2;0.11328411102294922;0.7191343307495117;down;10000;10000;False
21;2;0.11627912521362305;0.7021651268005371;down;10000;10000;False
21;2;0.10929226875305176;0.6986715793609619;down;10000;10000;False
21;2;0.1102907657623291;0.6966755390167236;down;10000;10000;False
21;2;0.1187739372253418;0.8738396167755127;down;10000;10000;False
22;2;0.11578011512756348;1.075455665588379;up;10000;10000;False
22;2;0.11777615547180176;0.988621711730957;up;10000;10000;False
22;2;0.1152803897857666;0.9846289157867432;up;10000;10000;False
22;2;0.1187744140625;0.9172565937042236;up;10000;10000;False
22;5;0.6542565822601318;0.0004992485046386719;up;10000;10000;False
22;2;0.12077093124389648;1.6119365692138672;up;10000;10000;False
22;2;0.12076950073242188;1.0594871044158936;up;10000;10000;False
22;2;0.12476277351379395;5.842895746231079;left;10000;10000;False
22;2;0.11927294731140137;0.8109588623046875;down;10000;10000;False
22;2;0.11029052734375;0.7181346416473389;down;10000;10000;False
22;2;0.12326526641845703;0.8458926677703857;down;10000;10000;False
22;2;0.1102900505065918;0.7261207103729248;down;10000;10000;False
22;2;0.11228680610656738;0.7011675834655762;down;10000;10000;False
22;2;0.11827397346496582;0.6931836605072021;down;10000;10000;False
22;2;0.11827421188354492;1.0285463333129883;down;10000;10000;False
23;2;0.11577916145324707;1.2271678447723389;up;10000;10000;False
23;2;0.1202704906463623;0.9506938457489014;up;10000;10000;False
23;2;0.11927223205566406;0.9966063499450684;up;10000;10000;False
23;3;0.3363609313964844;0.8244330883026123;up;10000;10000;False
23;2;0.1152808666229248;0.9491958618164062;up;10000;10000;False
23;2;0.1342449188232422;0.9117672443389893;up;10000;10000;False
23;2;0.11128783226013184;0.9287350177764893;up;10000;10000;False
23;2;0.1067967414855957;5.677210330963135;left;10000;10000;False
23;2;0.1187734603881836;0.8563728332519531;down;10000;10000;False
23;2;0.11577916145324707;0.7196333408355713;down;10000;10000;False
23;2;0.11927366256713867;0.7176361083984375;down;10000;10000;False
23;2;0.11228561401367188;0.720630407333374;down;10000;10000;False
23;2;0.12126898765563965;0.7515726089477539;down;10000;10000;False
23;2;0.10779523849487305;0.7061583995819092;down;10000;10000;False
23;2;0.11428284645080566;0.7555639743804932;down;10000;10000;False
24;2;0.11078858375549316;1.093921184539795;up;10000;10000;False
24;5;0.6168279647827148;1.0470101833343506;up;10000;10000;False
24;4;0.4406623840332031;0.9636681079864502;up;10000;10000;False
24;2;0.1152796745300293;0.95119309425354;up;10000;10000;False
24;2;0.11927270889282227;0.9551846981048584;up;10000;10000;False
24;2;0.11827421188354492;1.1218688488006592;up;10000;10000;False
24;6;0.7865045070648193;1.3194923400878906;up;10000;10000;False
24;2;0.11078953742980957;6.374884366989136;left;10000;10000;False
24;2;0.10879349708557129;0.7221276760101318;down;10000;10000;False
24;2;0.11428260803222656;0.7161386013031006;down;10000;10000;False
24;2;0.11078977584838867;0.7131443023681641;down;10000;10000;False
24;2;0.10829329490661621;0.7271192073822021;down;10000;10000;False
24;3;0.36580467224121094;0.7650456428527832;down;10000;10000;False
24;2;0.11128830909729004;0.6991715431213379;down;10000;10000;False
24;2;0.13025140762329102;1.031040906906128;down;10000;10000;False
25;3;0.27697277069091797;1.1093921661376953;up;10000;10000;False
25;2;0.11727619171142578;1.0919249057769775;up;10000;10000;False
25;2;0.1542067527770996;1.0594871044158936;up;10000;10000;False
25;2;0.12426328659057617;1.1607942581176758;up;10000;10000;False
25;2;0.1237637996673584;1.2037127017974854;up;10000;10000;False
25;2;0.10779523849487305;0.950692892074585;up;10000;10000;False
25;2;0.10779428482055664;0.9337255954742432;up;10000;10000;False
25;2;0.11627840995788574;5.62131667137146;left;10000;10000;False
25;2;0.11777615547180176;0.7575602531433105;down;10000;10000;False
25;2;0.10579729080200195;0.7166392803192139;down;10000;10000;False
25;2;0.11428284645080566;0.7151410579681396;down;10000;10000;False
25;2;0.11827468872070312;0.8134543895721436;down;10000;10000;False
25;2;0.1187739372253418;0.7620515823364258;down;10000;10000;False
25;2;0.11278557777404785;0.6991705894470215;down;10000;10000;False
25;2;0.12625932693481445;0.9946105480194092;down;10000;10000;False
26;2;0.11028933525085449;1.097914218902588;up;10000;10000;False
26;4;0.4651169776916504;0.982133150100708;up;10000;10000;False
26;2;0.1152806282043457;0.9931130409240723;up;10000;10000;False
26;2;0.1152799129486084;1.0330369472503662;up;10000;10000;False
26;2;0.11877250671386719;0.9576807022094727;up;10000;10000;False
26;2;0.10979127883911133;0.9237449169158936;up;10000;10000;False
26;2;0.1137840747833252;0.9447040557861328;up;10000;10000;False
26;2;0.11677670478820801;5.5783984661102295;left;10000;10000;False
26;2;0.1422290802001953;0.8074660301208496;down;10000;10000;False
26;2;0.11378335952758789;0.7226264476776123;down;10000;10000;False
26;2;0.12625908851623535;0.8583693504333496;down;10000;10000;False
26;2;0.10929203033447266;0.7171368598937988;down;10000;10000;False
26;2;0.10879254341125488;0.6941807270050049;down;10000;10000;False
26;2;0.10779523849487305;0.6966757774353027;down;10000;10000;False
26;2;0.14272785186767578;0.8633596897125244;down;10000;10000;False
27;2;0.12476229667663574;1.3349635601043701;up;10000;10000;False
27;2;0.1137838363647461;0.9462018013000488;up;10000;10000;False
27;16;2.4728007316589355;2.201815366744995;up;10000;10000;False
27;2;0.10579800605773926;1.2281670570373535;up;10000;10000;False
27;2;0.1272575855255127;1.0604851245880127;up;10000;10000;False
27;2;0.10879302024841309;0.9337267875671387;up;10000;10000;False
27;2;0.10729575157165527;0.9287347793579102;up;10000;10000;False
27;2;0.10829329490661621;5.640280723571777;left;10000;10000;False
27;2;0.10929250717163086;0.7999789714813232;down;10000;10000;False
27;2;0.10779523849487305;0.7186334133148193;down;10000;10000;False
27;2;0.1152801513671875;0.7171375751495361;down;10000;10000;False
27;2;0.12077164649963379;0.7086517810821533;down;10000;10000;False
27;2;0.11727666854858398;0.7830119132995605;down;10000;10000;False
27;3;0.2844581604003906;0.7675421237945557;down;10000;10000;False
27;2;0.11927342414855957;0.802973747253418;down;10000;10000;False
28;2;0.10579943656921387;1.106896162033081;up;10000;10000;False
28;2;0.12076926231384277;1.0854370594024658;up;10000;10000;False
28;2;0.12625980377197266;1.1093926429748535;up;10000;10000;False
28;2;0.10829329490661621;0.9541864395141602;up;10000;10000;False
28;2;0.10879302024841309;0.9706549644470215;up;10000;10000;False
28;6;0.7700362205505371;0.0004982948303222656;up;10000;10000;False
28;2;0.11478185653686523;1.7871038913726807;up;10000;10000;False
28;2;0.12176847457885742;5.890305042266846;left;10000;10000;False
28;2;0.11278510093688965;0.7191333770751953;down;10000;10000;False
28;2;0.10929250717163086;0.7181355953216553;down;10000;10000;False
28;2;0.11428284645080566;0.7316093444824219;down;10000;10000;False
28;2;0.10929155349731445;0.7151405811309814;down;10000;10000;False
28;2;0.11977219581604004;0.693681001663208;down;10000;10000;False
28;2;0.10829353332519531;0.690687894821167;down;10000;10000;False
28;2;0.12626004219055176;0.8858163356781006;down;10000;10000;False
29;2;0.10230469703674316;1.1004085540771484;up;10000;10000;False
29;2;0.10629725456237793;0.9736499786376953;up;10000;10000;False
29;17;2.717334747314453;1.058988332748413;up;10000;10000;False
29;14;2.740291118621826;2.7088522911071777;up;10000;10000;False
29;2;0.10579824447631836;0.9252421855926514;up;10000;10000;False
29;2;0.12176775932312012;0.9282362461090088;up;10000;10000;False
29;2;0.10629820823669434;0.9167580604553223;up;10000;10000;False
29;2;0.1167764663696289;5.520009279251099;left;10000;10000;False
29;2;0.11278438568115234;0.000499725341796875;down;10000;10000;False
29;2;0.10879349708557129;1.169776439666748;down;10000;10000;False
29;2;0.11328411102294922;0.7261207103729248;down;10000;10000;False
29;2;0.1102907657623291;0.72113037109375;down;10000;10000;False
29;2;0.11677813529968262;0.7036619186401367;down;10000;10000;False
29;2;0.10779452323913574;0.6931827068328857;down;10000;10000;False
29;2;0.11128807067871094;0.8838207721710205;down;10000;10000;False
30;2;0.11578059196472168;1.0649752616882324;up;10000;10000;False
30;2;0.11627840995788574;0.0004990100860595703;up;10000;10000;False
30;2;0.11627912521362305;1.7995798587799072;up;10000;10000;False
30;2;0.1372385025024414;0.997105598449707;up;10000;10000;False
30;2;0.11378312110900879;0.9472000598907471;up;10000;10000;False
30;3;0.27397942543029785;0.903282642364502;up;10000;10000;False
30;2;0.1222679615020752;1.0714631080627441;up;10000;10000;False
30;2;0.1067962646484375;5.700666189193726;left;10000;10000;False
30;2;0.11378359794616699;0.7126448154449463;down;10000;10000;False
30;2;0.11378288269042969;0.692185640335083;down;10000;10000;False
30;2;0.12027096748352051;0.803473949432373;down;10000;10000;False
30;2;0.11378264427185059;0.7136440277099609;down;10000;10000;False
30;2;0.10479950904846191;0.6981730461120605;down;10000;10000;False
30;2;0.11128783226013184;0.7006690502166748;down;10000;10000;False
30;2;0.1187734603881836;0.8219389915466309;down;10000;10000;False
31;3;0.26349902153015137;1.1847481727600098;up;10000;10000;False
31;2;0.1187741756439209;1.1178758144378662;up;10000;10000;False
31;3;0.2794687747955322;1.0749564170837402;up;10000;10000;False
31;2;0.1187739372253418;0.9571812152862549;up;10000;10000;False
31;2;0.11478066444396973;0.9237449169158936;up;10000;10000;False
31;4;0.4561333656311035;0.0004990100860595703;up;10000;10000;False
31;2;0.11328458786010742;1.6738190650939941;up;10000;10000;False
31;2;0.11228632926940918;6.010576486587524;left;10000;10000;False
31;2;0.10579872131347656;0.7141423225402832;down;10000;10000;False
31;2;0.11178779602050781;0.7415907382965088;down;10000;10000;False
31;2;0.1187746524810791;0.7121460437774658;down;10000;10000;False
31;2;0.11228585243225098;0.7181355953216553;down;10000;10000;False
31;2;0.10929274559020996;0.6991710662841797;down;10000;10000;False
31;2;0.11827397346496582;0.6921854019165039;down;10000;10000;False
31;2;0.10829401016235352;0.8698468208312988;down;10000;10000;False
32;3;0.2989311218261719;1.1772630214691162;up;10000;10000;False
32;2;0.11428189277648926;0.9516911506652832;up;10000;10000;False
32;11;1.6768133640289307;1.0520009994506836;up;10000;10000;False
32;3;0.28096532821655273;1.0659747123718262;up;10000;10000;False
32;2;0.10629796981811523;0.9297332763671875;up;10000;10000;False
32;4;0.45213961601257324;1.0320391654968262;up;10000;10000;False
32;3;0.3338642120361328;1.0035936832427979;up;10000;10000;False
32;2;0.11328387260437012;5.665731906890869;left;10000;10000;False
32;2;0.10879325866699219;0.748577356338501;down;10000;10000;False
32;2;0.12975215911865234;0.7820143699645996;down;10000;10000;False
32;2;0.11627888679504395;0.7201318740844727;down;10000;10000;False
32;2;0.11078953742980957;0.7211296558380127;down;10000;10000;False
32;2;0.11328506469726562;0.7001690864562988;down;10000;10000;False
32;2;0.10779452323913574;0.6946794986724854;down;10000;10000;False
32;2;0.12176752090454102;1.0520009994506836;down;10000;10000;False
33;2;0.11428189277648926;1.2690880298614502;up;10000;10000;False
33;5;0.6163280010223389;0.0004994869232177734;up;10000;10000;False
33;16;2.5436651706695557;1.0520012378692627;up;10000;10000;False
33;9;1.3669016361236572;2.152409315109253;up;10000;10000;False
33;3;0.2934415340423584;1.0285463333129883;up;10000;10000;False
33;10;1.7207305431365967;1.25661039352417;up;10000;10000;False
33;2;0.12476301193237305;1.6902878284454346;up;10000;10000;False
33;2;0.11977195739746094;5.712144613265991;left;10000;10000;False
33;12;2.103501319885254;1.2685894966125488;down;10000;10000;False
33;4;0.5050404071807861;1.0629796981811523;down;10000;10000;False
33;2;0.11278462409973145;0.7196323871612549;down;10000;10000;False
33;2;0.12276649475097656;0.7989816665649414;down;10000;10000;False
33;2;0.10529923439025879;0.7041616439819336;down;10000;10000;False
33;2;0.11228632926940918;0.6961767673492432;down;10000;10000;False
33;2;0.11727619171142578;1.0090830326080322;down;10000;10000;False
34;2;0.1322476863861084;1.2446355819702148;up;10000;10000;False
34;2;0.10430145263671875;0.9491958618164062;up;10000;10000;False
34;15;2.3450422286987305;1.0525002479553223;up;10000;10000;False
34;22;3.640580654144287;2.5576391220092773;up;10000;10000;False
34;2;0.11977171897888184;0.9696581363677979;up;10000;10000;False
34;2;0.12426280975341797;0.9042825698852539;up;10000;10000;False
34;2;0.1067967414855957;0.9851281642913818;up;10000;10000;False
34;2;0.11228537559509277;5.661241054534912;left;10000;10000;False
34;2;0.12975239753723145;0.7266199588775635;down;10000;10000;False
34;2;0.10979056358337402;0.715639591217041;down;10000;10000;False
34;2;0.13075041770935059;0.6961779594421387;down;10000;10000;False
34;2;0.10979056358337402;0.7261202335357666;down;10000;10000;False
34;2;0.11278605461120605;0.6936814785003662;down;10000;10000;False
34;2;0.11178779602050781;0.6971743106842041;down;10000;10000;False
34;2;0.12077045440673828;0.8808259963989258;down;10000;10000;False
35;3;0.27198195457458496;1.2556140422821045;up;10000;10000;False
35;2;0.1102907657623291;0.9467005729675293;up;10000;10000;False
35;2;0.12176871299743652;0.9142622947692871;up;10000;10000;False
35;2;0.11577963829040527;0.9576795101165771;up;10000;10000;False
35;2;0.1152794361114502;1.0824432373046875;up;10000;10000;False
35;3;0.2829616069793701;0.8803272247314453;up;10000;10000;False
35;2;0.12576055526733398;0.9312303066253662;up;10000;10000;False
35;3;0.27048563957214355;2.8994884490966797;left;10000;10000;False
35;8;1.1488168239593506;1.061981439590454;down;10000;10000;False
35;2;0.11677837371826172;0.9427077770233154;down;10000;10000;False
35;2;0.11478185653686523;0.7246229648590088;down;10000;10000;False
35;2;0.11428284645080566;0.7046608924865723;down;10000;10000;False
35;2;0.12126922607421875;0.7710356712341309;down;10000;10000;False
35;2;0.11029052734375;0.688690185546875;down;10000;10000;False
35;2;0.11428236961364746;0.7665441036224365;down;10000;10000;False
36;2;0.10280489921569824;1.073460340499878;up;10000;10000;False
36;2;0.10529899597167969;0.9651658535003662;up;10000;10000;False
36;12;2.4313783645629883;2.659945011138916;up;10000;10000;False
36;2;0.12925338745117188;1.3883626461029053;up;10000;10000;False
36;2;0.1372380256652832;1.5261011123657227;up;10000;10000;False
36;2;0.11627840995788574;1.4866750240325928;up;10000;10000;False
36;9;1.3179950714111328;2.2038121223449707;up;10000;10000;False
36;2;0.10779452323913574;5.670223712921143;left;10000;10000;False
36;2;0.1053001880645752;0.7415900230407715;down;10000;10000;False
36;2;0.10829377174377441;0.7660436630249023;down;10000;10000;False
36;2;0.1067967414855957;0.7236254215240479;down;10000;10000;False
36;2;0.10979127883911133;0.7206308841705322;down;10000;10000;False
36;2;0.1187744140625;0.693681001663208;down;10000;10000;False
36;2;0.12675833702087402;0.6842002868652344;down;10000;10000;False
36;2;0.11827492713928223;0.9896187782287598;down;10000;10000;False
37;2;0.1222679615020752;1.2336549758911133;up;10000;10000;False
37;2;0.11378335952758789;0.9571816921234131;up;10000;10000;False
37;3;0.30092763900756836;1.0774524211883545;up;10000;10000;False
37;2;0.17167305946350098;1.211198091506958;up;10000;10000;False
37;2;0.14173007011413574;1.1857476234436035;up;10000;10000;False
37;2;0.1252613067626953;1.304521083831787;up;10000;10000;False
37;2;0.11428213119506836;0.9352231025695801;up;10000;10000;False
37;2;0.1137838363647461;5.532485008239746;left;10000;10000;False
37;2;0.1187739372253418;0.7171368598937988;down;10000;10000;False
37;2;0.10879302024841309;0.7196321487426758;down;10000;10000;False
37;2;0.10829281806945801;0.7076568603515625;down;10000;10000;False
37;2;0.11577939987182617;0.7231261730194092;down;10000;10000;False
37;2;0.11927318572998047;0.6941804885864258;down;10000;10000;False
37;2;0.13524174690246582;0.784010648727417;down;10000;10000;False
37;2;0.11478233337402344;0.7161393165588379;down;10000;10000;False
38;3;0.28096628189086914;1.0510022640228271;up;10000;10000;False
38;2;0.1237640380859375;0.9606747627258301;up;10000;10000;False
38;2;0.11577916145324707;0.9222474098205566;up;10000;10000;False
38;2;0.1202707290649414;1.128854751586914;up;10000;10000;False
38;2;0.14023327827453613;1.1218681335449219;up;10000;10000;False
38;6;0.7800168991088867;0.0009975433349609375;up;10000;10000;False
38;2;0.11578059196472168;1.676314353942871;up;10000;10000;False
38;2;0.11078977584838867;5.655251741409302;left;10000;10000;False
38;10;1.4741976261138916;1.0390260219573975;down;10000;10000;False
38;6;0.7934920787811279;1.1902379989624023;down;10000;10000;False
38;2;0.11078834533691406;0.7136440277099609;down;10000;10000;False
38;2;0.11278438568115234;0.7161383628845215;down;10000;10000;False
38;2;0.11328482627868652;0.6921846866607666;down;10000;10000;False
38;2;0.12526226043701172;0.6976737976074219;down;10000;10000;False
38;2;0.11577963829040527;0.8703474998474121;down;10000;10000;False
39;2;0.12176847457885742;1.075456142425537;up;10000;10000;False
39;2;0.12825560569763184;1.0979137420654297;up;10000;10000;False
39;2;0.10579776763916016;0.9566831588745117;up;10000;10000;False
39;2;0.1152801513671875;0.909771203994751;up;10000;10000;False
39;2;0.11428308486938477;0.9476993083953857;up;10000;10000;False
39;2;0.11428236961364746;0.9491958618164062;up;10000;10000;False
39;2;0.1187734603881836;0.8898096084594727;up;10000;10000;False
39;2;0.11128878593444824;5.685194730758667;left;10000;10000;False
39;2;0.12226676940917969;0.8414008617401123;down;10000;10000;False
39;2;0.1237640380859375;0.8359122276306152;down;10000;10000;False
39;2;0.12176823616027832;0.7211310863494873;down;10000;10000;False
39;2;0.12326455116271973;0.7246241569519043;down;10000;10000;False
39;2;0.12226653099060059;0.7840111255645752;down;10000;10000;False
39;2;0.13175010681152344;0.697674036026001;down;10000;10000;False
39;2;0.1272578239440918;0.699171781539917;down;10000;10000;False
40;2;0.11777687072753906;1.1158783435821533;up;10000;10000;False
40;2;0.12176775932312012;0.9556844234466553;up;10000;10000;False
40;6;0.7889997959136963;0.0004987716674804688;up;10000;10000;False
40;9;1.387861967086792;2.465813398361206;up;10000;10000;False
40;3;0.3069159984588623;1.092423915863037;up;10000;10000;False
40;2;0.14472532272338867;1.1967251300811768;up;10000;10000;False
40;2;0.13125038146972656;1.3279757499694824;up;10000;10000;False
40;2;0.10779404640197754;5.626307964324951;left;10000;10000;False
40;2;0.10829329490661621;0.7500748634338379;down;10000;10000;False
40;2;0.12176752090454102;0.8448951244354248;down;10000;10000;False
40;2;0.10929274559020996;0.7171370983123779;down;10000;10000;False
40;2;0.11927318572998047;0.8369095325469971;down;10000;10000;False
40;3;0.28396058082580566;0.7710349559783936;down;10000;10000;False
40;2;0.12076997756958008;0.7291145324707031;down;10000;10000;False
40;2;0.12176871299743652;0.880826473236084;down;10000;10000;False
41;2;0.1052999496459961;1.1133840084075928;up;10000;10000;False
41;2;0.11478185653686523;1.045013189315796;up;10000;10000;False
41;3;0.2734804153442383;0.9447054862976074;up;10000;10000;False
41;2;0.12775731086730957;0.9756455421447754;up;10000;10000;False
41;2;0.10979032516479492;1.0220587253570557;up;10000;10000;False
41;3;0.29793334007263184;0.913264274597168;up;10000;10000;False
41;2;0.10629677772521973;0.9362218379974365;up;10000;10000;False
41;2;0.10579824447631836;5.704159736633301;left;10000;10000;False
41;2;0.11727619171142578;0.845893383026123;down;10000;10000;False
41;2;0.10979080200195312;0.8119568824768066;down;10000;10000;False
41;2;0.12975215911865234;0.7850086688995361;down;10000;10000;False
41;2;0.11827540397644043;0.7151408195495605;down;10000;10000;False
41;2;0.11677765846252441;0.7136435508728027;down;10000;10000;False
41;2;0.13274717330932617;0.8179457187652588;down;10000;10000;False
41;2;0.12625885009765625;0.8763353824615479;down;10000;10000;False
42;2;0.10480117797851562;1.083939552307129;up;10000;10000;False
42;2;0.12176871299743652;0.953688383102417;up;10000;10000;False
42;2;0.11927294731140137;1.063478708267212;up;10000;10000;False
42;2;0.10929226875305176;0.9566819667816162;up;10000;10000;False
42;2;0.11478114128112793;0.903282880783081;up;10000;10000;False
42;2;0.1102900505065918;0.9901182651519775;up;10000;10000;False
42;2;0.11128783226013184;0.9272384643554688;up;10000;10000;False
42;2;0.11228609085083008;5.66373610496521;left;10000;10000;False
42;2;0.11478185653686523;0.8314192295074463;down;10000;10000;False
42;2;0.1272575855255127;0.8503847122192383;down;10000;10000;False
42;2;0.133744478225708;0.8239345550537109;down;10000;10000;False
42;2;0.11727666854858398;0.7835109233856201;down;10000;10000;False
42;2;0.11478114128112793;0.8329167366027832;down;10000;10000;False
42;2;0.11927318572998047;0.7904980182647705;down;10000;10000;False
42;2;0.10579872131347656;0.8913061618804932;down;10000;10000;False
43;3;0.2799680233001709;1.1123859882354736;up;10000;10000;False
43;21;3.9789373874664307;1.2321586608886719;up;10000;10000;False
43;2;0.11977171897888184;1.0859367847442627;up;10000;10000;False
43;2;0.1322476863861084;1.153308391571045;up;10000;10000;False
43;3;0.316896915435791;0.9831323623657227;up;10000;10000;False
43;2;0.11428260803222656;0.9182555675506592;up;10000;10000;False
43;2;0.11827516555786133;1.051001787185669;up;10000;10000;False
43;2;0.11228609085083008;5.646270036697388;left;10000;10000;False
43;2;0.11178803443908691;0.7291140556335449;down;10000;10000;False
43;2;0.1187736988067627;0.8438971042633057;down;10000;10000;False
43;2;0.10829281806945801;0.7191348075866699;down;10000;10000;False
43;2;0.11029052734375;0.7186336517333984;down;10000;10000;False
43;2;0.13474297523498535;0.816448450088501;down;10000;10000;False
43;2;0.11128807067871094;0.7176363468170166;down;10000;10000;False
43;2;0.12276649475097656;0.9202508926391602;down;10000;10000;False
44;3;0.2999296188354492;1.1872429847717285;up;10000;10000;False
44;2;0.11478233337402344;0.9491961002349854;up;10000;10000;False
44;11;1.6368889808654785;1.0495049953460693;up;10000;10000;False
44;2;0.11078929901123047;1.3798775672912598;up;10000;10000;False
44;2;0.1237640380859375;1.06248140335083;up;10000;10000;False
44;10;1.4567310810089111;1.0470101833343506;up;10000;10000;False
44;2;0.11228609085083008;1.4018359184265137;up;10000;10000;False
44;2;0.12076997756958008;6.770132780075073;left;10000;10000;False
44;2;0.10829353332519531;0.7141430377960205;down;10000;10000;False
44;2;0.11378335952758789;0.7256207466125488;down;10000;10000;False
44;2;0.11228728294372559;0.7126448154449463;down;10000;10000;False
44;2;0.11577963829040527;0.7650463581085205;down;10000;10000;False
44;4;0.45363688468933105;0.9312307834625244;down;10000;10000;False
44;2;0.10779500007629395;0.6961767673492432;down;10000;10000;False
44;2;0.11727714538574219;0.8898088932037354;down;10000;10000;False
45;3;0.3054201602935791;1.0964155197143555;up;10000;10000;False
45;3;0.2964353561401367;1.1273579597473145;up;10000;10000;False
45;20;3.3216865062713623;1.0515022277832031;up;10000;10000;False
45;4;0.4456522464752197;1.222177505493164;up;10000;10000;False
45;2;0.12975287437438965;1.1203703880310059;up;10000;10000;False
45;2;0.1152806282043457;0.9566819667816162;up;10000;10000;False
45;5;0.631798505783081;0.0004992485046386719;up;10000;10000;False
45;11;1.703263282775879;3.9280335903167725;left;10000;10000;False
45;17;2.6629388332366943;1.0465114116668701;down;10000;10000;False
45;2;0.11677765846252441;0.7435879707336426;down;10000;10000;False
45;2;0.11128854751586914;0.7196319103240967;down;10000;10000;False
45;2;0.11228680610656738;0.6916851997375488;down;10000;10000;False
45;2;0.12076973915100098;0.6837003231048584;down;10000;10000;False
45;2;0.11777615547180176;0.699669599533081;down;10000;10000;False
45;2;0.12576079368591309;0.8783309459686279;down;10000;10000;False
46;2;0.11727714538574219;1.0894289016723633;up;10000;10000;False
46;2;0.11228632926940918;0.965165376663208;up;10000;10000;False
46;8;1.2136931419372559;1.0520002841949463;up;10000;10000;False
46;2;0.11578011512756348;1.4342749118804932;up;10000;10000;False
46;2;0.12126874923706055;1.1044013500213623;up;10000;10000;False
46;2;0.12176799774169922;0.9491963386535645;up;10000;10000;False
46;2;0.1117866039276123;0.8982932567596436;up;10000;10000;False
46;2;0.10779476165771484;5.716635465621948;left;10000;10000;False
46;2;0.11677718162536621;0.0009984970092773438;down;10000;10000;False
46;2;0.10829401016235352;1.198721170425415;down;10000;10000;False
46;2;0.11627864837646484;0.7450835704803467;down;10000;10000;False
46;2;0.13124966621398926;0.8129558563232422;down;10000;10000;False
46;2;0.10629749298095703;0.6956777572631836;down;10000;10000;False
46;2;0.12027120590209961;0.8438968658447266;down;10000;10000;False
46;2;0.12276577949523926;0.8928041458129883;down;10000;10000;False
47;2;0.10480093955993652;1.0689678192138672;up;10000;10000;False
47;2;0.12226676940917969;1.1293542385101318;up;10000;10000;False
47;2;0.11478114128112793;0.9681606292724609;up;10000;10000;False
47;3;0.28096532821655273;0.8169476985931396;up;10000;10000;False
47;2;0.1117856502532959;0.9806375503540039;up;10000;10000;False
47;2;0.12625908851623535;1.0300426483154297;up;10000;10000;False
47;2;0.11478161811828613;0.9197525978088379;up;10000;10000;False
47;2;0.11428236961364746;5.717633008956909;left;10000;10000;False
47;2;0.1252608299255371;0.807964563369751;down;10000;10000;False
47;2;0.11228609085083008;0.7830116748809814;down;10000;10000;False
47;3;0.316896915435791;0.9197523593902588;down;10000;10000;False
47;2;0.1222677230834961;0.7994809150695801;down;10000;10000;False
47;5;0.6008577346801758;1.1563026905059814;down;10000;10000;False
47;2;0.12126946449279785;0.7061588764190674;down;10000;10000;False
47;2;0.1102898120880127;0.728116512298584;down;10000;10000;False
48;3;0.3084137439727783;1.1642870903015137;up;10000;10000;False
48;4;0.43866562843322754;0.981635332107544;up;10000;10000;False
48;2;0.11927318572998047;0.9681601524353027;up;10000;10000;False
48;3;0.28745388984680176;0.8104593753814697;up;10000;10000;False
48;2;0.12675857543945312;1.0814447402954102;up;10000;10000;False
48;2;0.11578011512756348;0.9252417087554932;up;10000;10000;False
48;3;0.29244399070739746;0.8598654270172119;up;10000;10000;False
48;2;0.10729551315307617;5.640280246734619;left;10000;10000;False
48;13;2.0700650215148926;1.0500051975250244;down;10000;10000;False
48;2;0.11078882217407227;0.714641809463501;down;10000;10000;False
48;2;0.12326574325561523;0.811457633972168;down;10000;10000;False
48;2;0.11927342414855957;0.7186336517333984;down;10000;10000;False
48;4;0.551950216293335;0.95867919921875;down;10000;10000;False
48;2;0.11478066444396973;0.6996707916259766;down;10000;10000;False
48;2;0.1187741756439209;1.0420198440551758;down;10000;10000;False
49;2;0.11577939987182617;1.2341563701629639;up;10000;10000;False
49;2;0.1237645149230957;0.9571807384490967;up;10000;10000;False
49;2;0.12526154518127441;0.9736502170562744;up;10000;10000;False
49;2;0.11827492713928223;0.9252421855926514;up;10000;10000;False
49;2;0.12576079368591309;1.0914263725280762;up;10000;10000;False
49;2;0.11378288269042969;0.9611732959747314;up;10000;10000;False
49;2;0.11029052734375;0.9806358814239502;up;10000;10000;False
49;2;0.12176847457885742;7.027145624160767;left;10000;10000;False
49;14;2.173868179321289;1.0564930438995361;down;10000;10000;False
49;3;0.2919454574584961;1.2191832065582275;down;10000;10000;False
49;3;0.27547693252563477;0.803971529006958;down;10000;10000;False
49;2;0.11877322196960449;0.7196331024169922;down;10000;10000;False
49;2;0.12226653099060059;0.7710356712341309;down;10000;10000;False
49;2;0.11627888679504395;0.6986720561981201;down;10000;10000;False
49;2;0.11827468872070312;0.8783309459686279;down;10000;10000;False
50;2;0.11927247047424316;1.2351529598236084;up;10000;10000;False
50;2;0.1322476863861084;1.0909266471862793;up;10000;10000;False
50;6;0.8134546279907227;0.0004987716674804688;up;10000;10000;False
50;5;0.7590570449829102;1.6907870769500732;up;10000;10000;False
50;2;0.11128830909729004;0.9237442016601562;up;10000;10000;False
50;2;0.11777520179748535;0.9202520847320557;up;10000;10000;False
50;2;0.11478161811828613;0.9327278137207031;up;10000;10000;False
50;2;0.11827588081359863;5.524999618530273;left;10000;10000;False
50;2;0.11977243423461914;0.7266190052032471;down;10000;10000;False
50;2;0.12775707244873047;0.7221276760101318;down;10000;10000;False
50;2;0.1357417106628418;0.8014769554138184;down;10000;10000;False
50;2;0.11078906059265137;0.7196323871612549;down;10000;10000;False
50;2;0.11128830909729004;0.695178747177124;down;10000;10000;False
50;2;0.10779428482055664;0.6941812038421631;down;10000;10000;False
50;2;0.11328482627868652;0.9931118488311768;down;10000;10000;False
51;3;0.29244351387023926;1.1004083156585693;up;10000;10000;False
51;2;0.1152806282043457;0.9601750373840332;up;10000;10000;False
51;10;1.4652140140533447;1.09641695022583;up;10000;10000;False
51;2;0.11128783226013184;1.3035225868225098;up;10000;10000;False
51;3;0.28046703338623047;0.9372189044952393;up;10000;10000;False
51;2;0.12176823616027832;1.0300419330596924;up;10000;10000;False
51;3;0.27946925163269043;0.8528790473937988;up;10000;10000;False
51;2;0.11727690696716309;6.015567302703857;left;10000;10000;False
51;2;0.12226748466491699;0.8074655532836914;down;10000;10000;False
51;2;0.10929250717163086;0.7111482620239258;down;10000;10000;False
51;2;0.11178803443908691;0.7336058616638184;down;10000;10000;False
51;2;0.11328387260437012;0.7181353569030762;down;10000;10000;False
51;2;0.11827445030212402;0.8334167003631592;down;10000;10000;False
51;2;0.11927294731140137;0.6996712684631348;down;10000;10000;False
51;2;0.1152808666229248;0.6807060241699219;down;10000;10000;False
52;2;0.1067962646484375;1.075455665588379;up;10000;10000;False
52;4;0.448148250579834;0.8568713665008545;up;10000;10000;False
52;3;0.28196287155151367;1.0529987812042236;up;10000;10000;False
52;2;0.11278510093688965;1.000598669052124;up;10000;10000;False
52;2;0.11228680610656738;0.9197514057159424;up;10000;10000;False
52;3;0.28246283531188965;0.9007885456085205;up;10000;10000;False
52;3;0.28944969177246094;0.998103141784668;up;10000;10000;False
52;2;0.11079001426696777;5.628802537918091;left;10000;10000;False
52;2;0.11428284645080566;0.7176361083984375;down;10000;10000;False
52;2;0.1152801513671875;0.7151412963867188;down;10000;10000;False
52;2;0.1222677230834961;0.8044712543487549;down;10000;10000;False
52;2;0.11228680610656738;0.7226264476776123;down;10000;10000;False
52;2;0.11777472496032715;0.6996710300445557;down;10000;10000;False
52;2;0.12126827239990234;0.7590579986572266;down;10000;10000;False
52;2;0.11727643013000488;0.8733406066894531;down;10000;10000;False
53;2;0.10629796981811523;1.0809459686279297;up;10000;10000;False
53;2;0.11528158187866211;0.9471993446350098;up;10000;10000;False
53;9;1.565523624420166;1.2486279010772705;up;10000;10000;False
53;5;0.749575138092041;1.5086328983306885;up;10000;10000;False
53;2;0.11328363418579102;0.99361252784729;up;10000;10000;False
53;2;0.1287553310394287;0.9132649898529053;up;10000;10000;False
53;4;0.4735996723175049;1.097914218902588;up;10000;10000;False
53;2;0.1187744140625;5.627803802490234;left;10000;10000;False
53;2;0.11428284645080566;0.822437047958374;down;10000;10000;False
53;2;0.11627888679504395;0.7176358699798584;down;10000;10000;False
53;2;0.11677718162536621;0.7191336154937744;down;10000;10000;False
53;2;0.12426424026489258;0.8284251689910889;down;10000;10000;False
53;2;0.11078834533691406;0.6976745128631592;down;10000;10000;False
53;2;0.11178731918334961;0.7006683349609375;down;10000;10000;False
53;2;0.13823723793029785;0.9027845859527588;down;10000;10000;False
54;2;0.11278486251831055;1.0909271240234375;up;10000;10000;False
54;2;0.11927247047424316;0.9342255592346191;up;10000;10000;False
54;2;0.11328434944152832;0.9891197681427002;up;10000;10000;False
54;2;0.11627840995788574;0.9272384643554688;up;10000;10000;False
54;2;0.11178755760192871;1.0120763778686523;up;10000;10000;False
54;2;0.1152801513671875;0.9302327632904053;up;10000;10000;False
54;2;0.12326478958129883;0.9372186660766602;up;10000;10000;False
54;2;0.11827445030212402;7.116474390029907;left;10000;10000;False
54;2;0.11727714538574219;0.7590572834014893;down;10000;10000;False
54;2;0.10978913307189941;0.7171359062194824;down;10000;10000;False
54;2;0.11228728294372559;0.7201313972473145;down;10000;10000;False
54;2;0.13025164604187012;0.7630503177642822;down;10000;10000;False
54;2;0.12476253509521484;0.8329176902770996;down;10000;10000;False
54;2;0.11029052734375;0.6971745491027832;down;10000;10000;False
54;2;0.11927270889282227;0.6956787109375;down;10000;10000;False
55;2;0.11228680610656738;1.0754566192626953;up;10000;10000;False
55;2;0.11078906059265137;0.9626710414886475;up;10000;10000;False
55;14;2.5271968841552734;1.3454420566558838;up;10000;10000;False
55;21;4.088728666305542;3.247328996658325;up;10000;10000;False
55;2;0.10929226875305176;0.9357218742370605;up;10000;10000;False
55;2;0.1257610321044922;1.082942247390747;up;10000;10000;False
55;3;0.2964358329772949;0.9991018772125244;up;10000;10000;False
55;2;0.11478042602539062;6.0480053424835205;left;10000;10000;False
55;2;0.1257610321044922;0.9342238903045654;down;10000;10000;False
55;2;0.1152808666229248;0.7331061363220215;down;10000;10000;False
55;2;0.10979127883911133;0.7096512317657471;down;10000;10000;False
55;2;0.12326550483703613;0.8688488006591797;down;10000;10000;False
55;3;0.2819631099700928;0.7964873313903809;down;10000;10000;False
55;2;0.1202704906463623;0.6946802139282227;down;10000;10000;False
55;2;0.11478185653686523;0.7415902614593506;down;10000;10000;False
56;2;0.11178731918334961;1.0564920902252197;up;10000;10000;False
56;2;0.11078858375549316;0.9402134418487549;up;10000;10000;False
56;2;0.10929226875305176;0.9711542129516602;up;10000;10000;False
56;3;0.2829623222351074;1.0030937194824219;up;10000;10000;False
56;2;0.12326455116271973;0.9806368350982666;up;10000;10000;False
56;2;0.13174843788146973;1.1198718547821045;up;10000;10000;False
56;2;0.11328315734863281;0.94171142578125;up;10000;10000;False
56;2;0.12027144432067871;6.882420063018799;left;10000;10000;False
56;2;0.11128783226013184;0.0004990100860595703;down;10000;10000;False
56;2;0.11528134346008301;1.1802568435668945;down;10000;10000;False
56;2;0.1102902889251709;0.7131447792053223;down;10000;10000;False
56;2;0.11727643013000488;0.7086536884307861;down;10000;10000;False
56;3;0.27397918701171875;0.7685403823852539;down;10000;10000;False
56;3;0.2744781970977783;0.7700364589691162;down;10000;10000;False
56;2;0.12326455116271973;1.0150713920593262;down;10000;10000;False
57;3;0.274477481842041;1.2451343536376953;up;10000;10000;False
57;2;0.11777639389038086;1.0375275611877441;up;10000;10000;False
57;2;0.11378264427185059;0.9696574211120605;up;10000;10000;False
57;2;0.11328411102294922;0.9172565937042236;up;10000;10000;False
57;2;0.11228728294372559;0.9317283630371094;up;10000;10000;False
57;3;0.27248167991638184;0.9327268600463867;up;10000;10000;False
57;2;0.11378288269042969;0.92574143409729;up;10000;10000;False
57;2;0.10729646682739258;5.708151817321777;left;10000;10000;False
57;13;2.238245725631714;1.338456392288208;down;10000;10000;False
57;2;0.14472460746765137;1.5325877666473389;down;10000;10000;False
57;2;0.11577916145324707;0.7171382904052734;down;10000;10000;False
57;2;0.11478161811828613;0.7191336154937744;down;10000;10000;False
57;2;0.12925386428833008;0.6871945858001709;down;10000;10000;False
57;2;0.10829377174377441;0.7036631107330322;down;10000;10000;False
57;2;0.11428332328796387;0.9392144680023193;down;10000;10000;False
58;2;0.10979056358337402;1.0749564170837402;up;10000;10000;False
58;5;0.6228158473968506;0.000997781753540039;up;10000;10000;False
58;2;0.11627888679504395;0.9916150569915771;up;10000;10000;False
58;2;0.12476325035095215;0.9442057609558105;up;10000;10000;False
58;2;0.12176775932312012;0.9147624969482422;up;10000;10000;False
58;7;0.992612361907959;0.0004990100860595703;up;10000;10000;False
58;2;0.12027096748352051;2.0161681175231934;up;10000;10000;False
58;2;0.11627888679504395;5.699666738510132;left;10000;10000;False
58;14;2.1893386840820312;1.0425183773040771;down;10000;10000;False
58;2;0.12077069282531738;1.2007179260253906;down;10000;10000;False
58;4;0.4581296443939209;0.9377179145812988;down;10000;10000;False
58;2;0.11478233337402344;0.7111480236053467;down;10000;10000;False
58;2;0.11578011512756348;0.7041621208190918;down;10000;10000;False
58;2;0.10579776763916016;0.701667070388794;down;10000;10000;False
58;2;0.12625885009765625;1.0090830326080322;down;10000;10000;False
59;2;0.11428236961364746;1.2785696983337402;up;10000;10000;False
59;2;0.10879278182983398;0.9496948719024658;up;10000;10000;False
59;2;0.12326431274414062;1.0879333019256592;up;10000;10000;False
59;2;0.11428284645080566;0.939713716506958;up;10000;10000;False
59;2;0.1202702522277832;0.9826333522796631;up;10000;10000;False
59;2;0.11328339576721191;0.990119457244873;up;10000;10000;False
59;3;0.27896928787231445;0.867351770401001;up;10000;10000;False
59;2;0.10829448699951172;6.276570558547974;left;10000;10000;False
59;13;2.090027332305908;1.4227962493896484;down;10000;10000;False
59;6;0.9127652645111084;1.3015267848968506;down;10000;10000;False
59;3;0.2879517078399658;0.9162590503692627;down;10000;10000;False
59;2;0.10929155349731445;0.7196321487426758;down;10000;10000;False
59;2;0.10979175567626953;0.6931822299957275;down;10000;10000;False
59;2;0.11577916145324707;0.703662633895874;down;10000;10000;False
59;2;0.11927318572998047;1.041520595550537;down;10000;10000;False
60;2;0.1052999496459961;1.0699665546417236;up;10000;10000;False
60;2;0.12076950073242188;1.110889196395874;up;10000;10000;False
60;3;0.2799673080444336;1.0914263725280762;up;10000;10000;False
60;2;0.11378335952758789;1.4008376598358154;up;10000;10000;False
60;2;0.1102902889251709;1.138836145401001;up;10000;10000;False
60;2;0.11378312110900879;0.9481980800628662;up;10000;10000;False
60;2;0.12775540351867676;1.0794486999511719;up;10000;10000;False
60;2;0.1102914810180664;5.651258707046509;left;10000;10000;False
60;2;0.12675833702087402;0.8229358196258545;down;10000;10000;False
60;2;0.12526226043701172;0.7146410942077637;down;10000;10000;False
60;5;0.728614091873169;1.2695870399475098;down;10000;10000;False
60;2;0.13474273681640625;0.7660448551177979;down;10000;10000;False
60;2;0.11128735542297363;0.6996707916259766;down;10000;10000;False
60;2;0.13374590873718262;0.7979831695556641;down;10000;10000;False
60;2;0.11677813529968262;0.9676611423492432;down;10000;10000;False
61;3;0.2814645767211914;1.1138834953308105;up;10000;10000;False
61;3;0.26699256896972656;0.9671618938446045;up;10000;10000;False
61;3;0.28196287155151367;0.9916157722473145;up;10000;10000;False
61;4;0.490067720413208;0.9122669696807861;up;10000;10000;False
61;2;0.11428213119506836;0.9317293167114258;up;10000;10000;False
61;3;0.3089132308959961;1.0779509544372559;up;10000;10000;False
61;2;0.12975263595581055;1.1792593002319336;up;10000;10000;False
61;2;0.11228632926940918;5.667728662490845;left;10000;10000;False
61;16;2.5396738052368164;1.066971778869629;down;10000;10000;False
61;6;0.7845089435577393;1.174767017364502;down;10000;10000;False
61;6;0.7954878807067871;1.7446844577789307;down;10000;10000;False
61;2;0.1102902889251709;0.7186336517333984;down;10000;10000;False
61;2;0.12626099586486816;0.7840096950531006;down;10000;10000;False
61;2;0.12675833702087402;0.7914965152740479;down;10000;10000;False
61;2;0.11478185653686523;0.7750270366668701;down;10000;10000;False
62;3;0.29943108558654785;1.0774517059326172;up;10000;10000;False
62;2;0.11228585243225098;0.95119309425354;up;10000;10000;False
62;2;0.10829329490661621;0.9721519947052002;up;10000;10000;False
62;2;0.11128854751586914;0.9377176761627197;up;10000;10000;False
62;2;0.10979104042053223;0.9367198944091797;up;10000;10000;False
62;4;0.48557591438293457;0.0004992485046386719;up;10000;10000;False
62;2;0.12077021598815918;2.076054811477661;up;10000;10000;False
62;2;0.1137838363647461;5.6871912479400635;left;10000;10000;False
62;2;0.12426304817199707;0.0004985332489013672;down;10000;10000;False
62;2;0.12077093124389648;1.2840592861175537;down;10000;10000;False
62;2;0.11977243423461914;0.7151412963867188;down;10000;10000;False
62;2;0.12326502799987793;0.7964859008789062;down;10000;10000;False
62;5;0.6178255081176758;1.0999093055725098;down;10000;10000;False
62;2;0.1152803897857666;0.6996700763702393;down;10000;10000;False
62;2;0.10879325866699219;0.7181355953216553;down;10000;10000;False
63;2;0.1067972183227539;1.0934216976165771;up;10000;10000;False
63;2;0.10779500007629395;0.9561824798583984;up;10000;10000;False
63;13;1.9792373180389404;1.0470106601715088;up;10000;10000;False
63;12;1.794588565826416;2.34254789352417;up;10000;10000;False
63;2;0.12176823616027832;1.0829417705535889;up;10000;10000;False
63;7;0.9457025527954102;0.0004987716674804688;up;10000;10000;False
63;3;0.30142688751220703;1.59696626663208;up;10000;10000;False
63;2;0.11977219581604004;6.901383876800537;left;10000;10000;False
63;2;0.11128711700439453;0.7186346054077148;down;10000;10000;False
63;2;0.10879373550415039;0.7206296920776367;down;10000;10000;False
63;2;0.10929203033447266;0.7136437892913818;down;10000;10000;False
63;2;0.1152803897857666;0.6996700763702393;down;10000;10000;False
63;2;0.1102902889251709;0.6901876926422119;down;10000;10000;False
63;2;0.11677861213684082;0.6986713409423828;down;10000;10000;False
63;2;0.11827492713928223;0.8893105983734131;down;10000;10000;False
64;2;0.11128807067871094;1.0969150066375732;up;10000;10000;False
64;3;0.2884519100189209;0.0004990100860595703;up;10000;10000;False
64;2;0.1187739372253418;1.8444945812225342;up;10000;10000;False
64;2;0.1202704906463623;1.1188747882843018;up;10000;10000;False
64;2;0.11428236961364746;1.0105798244476318;up;10000;10000;False
64;4;0.48607611656188965;0.0009980201721191406;up;10000;10000;False
64;2;0.1257615089416504;1.650862455368042;up;10000;10000;False
64;2;0.11278605461120605;5.660741090774536;left;10000;10000;False
64;2;0.11278533935546875;0.7221274375915527;down;10000;10000;False
64;2;0.1591966152191162;0.9611732959747314;down;10000;10000;False
64;2;0.10929155349731445;0.7231261730194092;down;10000;10000;False
64;2;0.10979056358337402;0.6926829814910889;down;10000;10000;False
64;2;0.11677789688110352;0.6926834583282471;down;10000;10000;False
64;2;0.12076997756958008;0.7870042324066162;down;10000;10000;False
64;2;0.11278557777404785;0.8798270225524902;down;10000;10000;False
65;3;0.2659940719604492;1.102405309677124;up;10000;10000;False
65;2;0.11577916145324707;0.9601757526397705;up;10000;10000;False
65;14;2.527695655822754;1.2436368465423584;up;10000;10000;False
65;6;0.7994809150695801;1.1592962741851807;up;10000;10000;False
65;2;0.1152808666229248;0.9871249198913574;up;10000;10000;False
65;2;0.1187748908996582;0.9232447147369385;up;10000;10000;False
65;7;1.109889030456543;0.0004994869232177734;up;10000;10000;False
65;2;0.13324594497680664;5.577899694442749;left;10000;10000;False
65;2;0.11927318572998047;0.718134880065918;down;10000;10000;False
65;2;0.11777567863464355;0.7206311225891113;down;10000;10000;False
65;2;0.11378312110900879;0.7286155223846436;down;10000;10000;False
65;2;0.13025259971618652;0.7909963130950928;down;10000;10000;False
65;3;0.28046655654907227;0.8084635734558105;down;10000;10000;False
65;2;0.12326526641845703;0.6921849250793457;down;10000;10000;False
65;2;0.11727786064147949;0.9037816524505615;down;10000;10000;False
66;3;0.28795289993286133;1.0794479846954346;up;10000;10000;False
66;2;0.11977171897888184;1.0994112491607666;up;10000;10000;False
66;16;2.948395252227783;1.0510032176971436;up;10000;10000;False
66;24;3.936018705368042;2.62351393699646;up;10000;10000;False
66;2;0.13124990463256836;1.1388366222381592;up;10000;10000;False
66;4;0.5075359344482422;1.0629796981811523;up;10000;10000;False
66;2;0.11977171897888184;0.9681594371795654;up;10000;10000;False
66;2;0.11328339576721191;5.6487650871276855;left;10000;10000;False
66;2;0.1392354965209961;0.0004985332489013672;down;10000;10000;False
66;2;0.14023423194885254;1.333465576171875;down;10000;10000;False
66;2;0.1137843132019043;0.7221279144287109;down;10000;10000;False
66;2;0.11328554153442383;0.6866941452026367;down;10000;10000;False
66;2;0.13274741172790527;0.8274271488189697;down;10000;10000;False
66;2;0.11178708076477051;0.7191331386566162;down;10000;10000;False
66;2;0.11827492713928223;0.7206308841705322;down;10000;10000;False
67;3;0.30292415618896484;1.0415213108062744;up;10000;10000;False
67;2;0.12675905227661133;1.0515012741088867;up;10000;10000;False
67;11;2.2192819118499756;1.2032129764556885;up;10000;10000;False
67;2;0.12076926231384277;1.7167372703552246;up;10000;10000;False
67;2;0.1272585391998291;0.9661638736724854;up;10000;10000;False
67;3;0.2954378128051758;0.8948001861572266;up;10000;10000;False
67;2;0.10929226875305176;0.936720609664917;up;10000;10000;False
67;2;0.12027144432067871;6.904876708984375;left;10000;10000;False
67;2;0.11078953742980957;0.7485771179199219;down;10000;10000;False
67;2;0.12027096748352051;0.8029735088348389;down;10000;10000;False
67;2;0.12276625633239746;0.845893383026123;down;10000;10000;False
67;2;0.10779476165771484;0.7121477127075195;down;10000;10000;False
67;2;0.11727690696716309;0.6986720561981201;down;10000;10000;False
67;2;0.10929250717163086;0.7101497650146484;down;10000;10000;False
67;2;0.11278605461120605;0.7046606540679932;down;10000;10000;False
68;2;0.10829401016235352;1.0979130268096924;up;10000;10000;False
68;2;0.11977243423461914;0.9621710777282715;up;10000;10000;False
68;12;1.8694469928741455;1.9647650718688965;up;10000;10000;False
68;2;0.1322488784790039;1.1048994064331055;up;10000;10000;False
68;2;0.11228609085083008;1.1373391151428223;up;10000;10000;False
68;2;0.11378288269042969;1.1852474212646484;up;10000;10000;False
68;24;3.9949076175689697;1.0475094318389893;up;10000;10000;False
68;3;0.2799670696258545;3.506335735321045;left;10000;10000;False
68;2;0.10929226875305176;0.7336061000823975;down;10000;10000;False
68;2;0.12626004219055176;0.8753359317779541;down;10000;10000;False
68;2;0.11627912521362305;0.7331068515777588;down;10000;10000;False
68;2;0.12077069282531738;0.7151405811309814;down;10000;10000;False
68;2;0.10929107666015625;0.7026653289794922;down;10000;10000;False
68;2;0.11627888679504395;0.7011673450469971;down;10000;10000;False
68;2;0.12476229667663574;0.887812614440918;down;10000;10000;False
69;3;0.28944945335388184;1.1123855113983154;up;10000;10000;False
69;2;0.1222677230834961;0.9756460189819336;up;10000;10000;False
69;5;0.6283054351806641;0.0004992485046386719;up;10000;10000;False
69;2;0.11577939987182617;1.6658351421356201;up;10000;10000;False
69;2;0.12276530265808105;1.0719633102416992;up;10000;10000;False
69;3;0.26898837089538574;0.8858168125152588;up;10000;10000;False
69;2;0.12077021598815918;0.9022853374481201;up;10000;10000;False
69;2;0.13324594497680664;6.94230580329895;left;10000;10000;False
69;2;0.13773775100708008;0.9457030296325684;down;10000;10000;False
69;2;0.11677789688110352;0.7271177768707275;down;10000;10000;False
69;2;0.130751371383667;0.7221283912658691;down;10000;10000;False
69;2;0.1187736988067627;0.7216284275054932;down;10000;10000;False
69;2;0.1237637996673584;0.7505736351013184;down;10000;10000;False
69;2;0.11727666854858398;0.6961779594421387;down;10000;10000;False
69;2;0.12626004219055176;1.0115773677825928;down;10000;10000;False
70;2;0.11228609085083008;1.0829417705535889;up;10000;10000;False
70;2;0.11478209495544434;0.9581787586212158;up;10000;10000;False
70;8;1.2301623821258545;2.1903374195098877;up;10000;10000;False
70;6;0.7735292911529541;1.1468210220336914;up;10000;10000;False
70;2;0.12226629257202148;1.2136945724487305;up;10000;10000;False
70;2;0.1237645149230957;1.1313493251800537;up;10000;10000;False
70;2;0.11727619171142578;0.9956083297729492;up;10000;10000;False
70;2;0.10629701614379883;5.668227195739746;left;10000;10000;False
70;2;0.11378240585327148;0.0004992485046386719;down;10000;10000;False
70;2;0.12076997756958008;1.1897392272949219;down;10000;10000;False
70;2;0.12326622009277344;0.7326078414916992;down;10000;10000;False
70;2;0.12476301193237305;0.6931819915771484;down;10000;10000;False
70;2;0.10979127883911133;0.6941807270050049;down;10000;10000;False
70;2;0.11428189277648926;0.6647365093231201;down;10000;10000;False
70;2;0.11977267265319824;0.8908071517944336;down;10000;10000;False
71;2;0.11927318572998047;1.0729608535766602;up;10000;10000;False
71;2;0.11328411102294922;0.9591777324676514;up;10000;10000;False
71;3;0.27547430992126465;0.9791390895843506;up;10000;10000;False
71;2;0.10929155349731445;1.068969488143921;up;10000;10000;False
71;2;0.12126898765563965;1.1218676567077637;up;10000;10000;False
71;2;0.1237640380859375;0.9452037811279297;up;10000;10000;False
71;2;0.12076973915100098;1.018563985824585;up;10000;10000;False
71;2;0.12077021598815918;5.68070387840271;left;10000;10000;False
71;2;0.11378264427185059;0.719135046005249;down;10000;10000;False
71;2;0.11028933525085449;0.7236254215240479;down;10000;10000;False
71;2;0.1102898120880127;0.7261202335357666;down;10000;10000;False
71;2;0.11977243423461914;0.7146420478820801;down;10000;10000;False
71;2;0.11627912521362305;0.7056584358215332;down;10000;10000;False
71;2;0.11677694320678711;0.7071566581726074;down;10000;10000;False
71;2;0.13025140762329102;1.052999496459961;down;10000;10000;False
72;3;0.2649965286254883;1.0879318714141846;up;10000;10000;False
72;2;0.12326574325561523;1.0929234027862549;up;10000;10000;False
72;2;0.11328363418579102;0.9546866416931152;up;10000;10000;False
72;2;0.13025259971618652;0.930732011795044;up;10000;10000;False
72;2;0.10929250717163086;0.938215970993042;up;10000;10000;False
72;4;0.44066286087036133;0.000997304916381836;up;10000;10000;False
72;2;0.11428213119506836;1.962270975112915;up;10000;10000;False
72;2;0.11927199363708496;6.3948469161987305;left;10000;10000;False
72;14;2.181852340698242;1.0604851245880127;down;10000;10000;False
72;2;0.11228656768798828;1.2067062854766846;down;10000;10000;False
72;3;0.28944993019104004;0.7919952869415283;down;10000;10000;False
72;2;0.11627864837646484;0.7775230407714844;down;10000;10000;False
72;2;0.10929250717163086;0.6926839351654053;down;10000;10000;False
72;3;0.28745341300964355;0.8259303569793701;down;10000;10000;False
72;2;0.11078834533691406;0.913764476776123;down;10000;10000;False
73;2;0.10779523849487305;1.1228656768798828;up;10000;10000;False
73;2;0.12276577949523926;1.1293542385101318;up;10000;10000;False
73;10;1.5300912857055664;1.928835391998291;up;10000;10000;False
73;2;0.12226724624633789;1.013075828552246;up;10000;10000;False
73;3;0.29394102096557617;0.9212489128112793;up;10000;10000;False
73;2;0.12476134300231934;0.9467017650604248;up;10000;10000;False
73;2;0.11827445030212402;0.9257409572601318;up;10000;10000;False
73;2;0.13524222373962402;6.944303035736084;left;10000;10000;False
73;13;2.060084342956543;1.0579900741577148;down;10000;10000;False
73;3;0.2904472351074219;0.8324184417724609;down;10000;10000;False
73;2;0.11178755760192871;0.719632625579834;down;10000;10000;False
73;2;0.11428332328796387;0.7011673450469971;down;10000;10000;False
73;2;0.11278438568115234;0.6971757411956787;down;10000;10000;False
73;2;0.12526226043701172;0.7800166606903076;down;10000;10000;False
73;2;0.12476301193237305;0.8853168487548828;down;10000;10000;False
74;2;0.11827564239501953;1.0589869022369385;up;10000;10000;False
74;3;0.28944897651672363;1.0345344543457031;up;10000;10000;False
74;15;3.1929311752319336;2.571612596511841;up;10000;10000;False
74;2;0.1237630844116211;1.4492461681365967;up;10000;10000;False
74;2;0.12675881385803223;1.4672114849090576;up;10000;10000;False
74;4;0.49755430221557617;1.4717028141021729;up;10000;10000;False
74;3;0.2849583625793457;0.8823232650756836;up;10000;10000;False
74;2;0.11228632926940918;5.685693740844727;left;10000;10000;False
74;2;0.1152801513671875;0.7231259346008301;down;10000;10000;False
74;2;0.12176847457885742;0.8943006992340088;down;10000;10000;False
74;2;0.1357412338256836;0.8364109992980957;down;10000;10000;False
74;2;0.12476253509521484;0.7934925556182861;down;10000;10000;False
74;2;0.11428213119506836;0.7001698017120361;down;10000;10000;False
74;2;0.11577916145324707;0.7141430377960205;down;10000;10000;False
74;2;0.11927270889282227;0.904780387878418;down;10000;10000;False
75;3;0.31490063667297363;1.2082033157348633;up;10000;10000;False
75;2;0.12276554107666016;1.0939221382141113;up;10000;10000;False
75;3;0.2899487018585205;0.9891204833984375;up;10000;10000;False
75;2;0.12276554107666016;1.187243938446045;up;10000;10000;False
75;2;0.11577725410461426;0.9561848640441895;up;10000;10000;False
75;2;0.12176823616027832;1.1503148078918457;up;10000;10000;False
75;3;0.3528292179107666;0.9756476879119873;up;10000;10000;False
75;2;0.10929203033447266;5.685694694519043;left;10000;10000;False
75;2;0.11128854751586914;0.8463912010192871;down;10000;10000;False
75;3;0.28595685958862305;0.7520709037780762;down;10000;10000;False
75;2;0.14172983169555664;0.7181363105773926;down;10000;10000;False
75;2;0.1102900505065918;0.707155704498291;down;10000;10000;False
75;2;0.12126827239990234;0.6926844120025635;down;10000;10000;False
75;2;0.12426424026489258;0.8009777069091797;down;10000;10000;False
75;2;0.11727738380432129;0.8838202953338623;down;10000;10000;False
